{
  "family": "{{REPO_NAME}}",
  "containerDefinitions": [
    {
      "name": "FakeCrypto-login-app",
      "image": "<IMAGE_URI>",
      "essential": true,
      "portMappings": [
        {
          "containerPort": 80,
          "hostPort": 80,
          "protocol": "tcp"
        },
        {
          "containerPort": 5000,
          "hostPort": 5000,
          "protocol": "tcp"
        }
      ],
      "logConfiguration": {
        "logDriver": "awslogs",
        "options": {
          "awslogs-create-group": "true",
          "awslogs-group": "/ecs/{{REPO_NAME}}",
          "awslogs-region": "{{AWS_REGION}}",
          "awslogs-stream-prefix": "ecs"
        },
        "secretOptions": []
      }
    }
  ],
  "placementConstraints": [],
  "requiresCompatibilities": [
    "EC2"
  ],
  "cpu": "256",
  "memory": "512",
  "runtimePlatform": {
    "cpuArchitecture": "X86_64",
    "operatingSystemFamily": "LINUX"
  },
  "executionRoleArn": "arn:aws:iam::{{ACCOUNT_ID}}:role/ecsTaskExecutionRole"
}
